Workbook

Sheet Executive Dashboard
A2: BUSINESS SECURITY & DIGITAL RISK ANALYSIS - PAN-INDIA
A3: Digital Security Posture Assessment of 50 Businesses Across India
A5: =COUNTA('Security Assessment Data'!A3:A52) | C5: =AVERAGE('Security Assessment Data'!R3:R52) | E5: =COUNTIF('Security Assessment Data'!S3:S52, "*Secure*") | G5: =COUNTIF('Security Assessment Data'!S3:S52, "*Risk*")
A6: Total Businesses Checked | C6: Average Security Score (0-5) | E6: Secure Businesses (Score 4-5) | G6: Risky Businesses (Score 0-3)
A9: Risk Level Breakdown | E9: Average Score by Category
A10: Risk Level | B10: Count | C10: Percentage | E10: Category | F10: Total Checked | G10: Average Score
A11: Very Secure | B11: =COUNTIF('Security Assessment Data'!S3:S52, "Very Secure") | C11: =B11/SUM(B11:B15) | E11: Restaurants & Cafes | F11: =COUNTIF('Security Assessment Data'!C3:C52, "Restaurants & Cafes") | G11: =AVERAGEIF('Security Assessment Data'!C3:C52, "Restaurants & Cafes", 'Security Assessment Data'!R3:R52)
A12: Secure | B12: =COUNTIF('Security Assessment Data'!S3:S52, "Secure") | C12: =B12/SUM(B11:B15) | E12: Healthcare & Clinics | F12: =COUNTIF('Security Assessment Data'!C3:C52, "Healthcare & Clinics") | G12: =AVERAGEIF('Security Assessment Data'!C3:C52, "Healthcare & Clinics", 'Security Assessment Data'!R3:R52)
A13: Moderate Risk | B13: =COUNTIF('Security Assessment Data'!S3:S52, "Moderate Risk") | C13: =B13/SUM(B11:B15) | E13: Retail & Shops | F13: =COUNTIF('Security Assessment Data'!C3:C52, "Retail & Shops") | G13: =AVERAGEIF('Security Assessment Data'!C3:C52, "Retail & Shops", 'Security Assessment Data'!R3:R52)
A14: High Risk | B14: =COUNTIF('Security Assessment Data'!S3:S52, "High Risk") | C14: =B14/SUM(B11:B15) | E14: Professional Services | F14: =COUNTIF('Security Assessment Data'!C3:C52, "Professional Services") | G14: =AVERAGEIF('Security Assessment Data'!C3:C52, "Professional Services", 'Security Assessment Data'!R3:R52)
A15: Very High Risk | B15: =COUNTIF('Security Assessment Data'!S3:S52, "Very High Risk") | C15: =B15/SUM(B11:B15) | E15: Hospitality & Hotels | F15: =COUNTIF('Security Assessment Data'!C3:C52, "Hospitality & Hotels") | G15: =AVERAGEIF('Security Assessment Data'!C3:C52, "Hospitality & Hotels", 'Security Assessment Data'!R3:R52)
A16: Total | B16: =SUM(B11:B15) | C16: =SUM(C11:C15) | E16: All Industries | F16: =SUM(F11:F15) | G16: =AVERAGE('Security Assessment Data'!R3:R{data_end_row})
A19: Key Observation & Analysis Insights:
A20: 1. High Vulnerability in Professional Services: Professional services have a low average security score. Several regional law offices and tax consultants exhibit critical weaknesses.
A21: 2. Digital Absence Risk: 8 out of 50 businesses analyzed have NO website, leaving them with a Very High Risk rating due to missed opportunities.
A22: 3. Missing Security Headers: 45% of the websites scanned are missing critical security headers like Content-Security-Policy (CSP) and HSTS.
A23: 4. Exposed Administrative Interfaces: 6 businesses have exposed admin panels (/wp-admin or similar) accessible to the public.
A24: 5. Unclaimed Profiles: 9 businesses have unclaimed Google Business Profiles on Maps. This exposes them to direct profile hijacking and sabotage.

Sheet Security Assessment Data
A2: Business ID | B2: Business Name | C2: Category | D2: Location | E2: Google Maps Rating | F2: Reviews Count | G2: GBP Claimed | H2: Website Status | I2: Website URL | J2: HTTPS Redirect | K2: SSL Status | L2: SSL Provider | M2: Admin Panel Exposed | N2: Forms Protection | O2: Directory Listing | P2: Safe Browsing Check | Q2: Missing Security Headers | R2: Security Score | S2: Risk Level | T2: Outreach Priority | U2: Estimated Lead Value | V2: Outreach Strategy | W2: Outreach Subject Line | X2: First Touch Pitch Hook | Y2: Sales Pitch Hook | Z2: Key Security Gaps | AA2: Actionable Recommendation
A3: BIZ-08 | B3: Cafe Goodluck | C3: Restaurants & Cafes | D3: Pune | E3: 4.3 | F3: 6200 | G3: No | H3: No Website | I3: None | J3: N/A | K3: None | L3: None | M3: N/A | N3: N/A | O3: N/A | P3: N/A | Q3: N/A | R3: 0 | S3: Very High Risk | T3: CRITICAL | U3: $3,500 - $5,000 (Premium Retainer) | V3: Local Business Visit (Claim Google Maps Listing Pitch) | W3: Unsecured local presence for Cafe Goodluck | X3: Your Google Maps profile for Cafe Goodluck is currently unclaimed, meaning anyone can change your phone number or edit your address. We can secure it today. | Y3: Profile Hijacking Risk (Unclaimed Google Maps Profile) & Digital Absence | Z3: Digital Absence, Unclaimed Google Business Profile | AA3: 1. Claim Google Business Profile immediately to prevent hijacking. 2. Build a secure, mobile-friendly landing page with HTTPS. 3. Standardize NAP (Name, Address, Phone) details.
A4: BIZ-20 | B4: City Dental Clinic & Implant Center | C4: Healthcare & Clinics | D4: Ahmedabad | E4: 4.2 | F4: 120 | G4: No | H4: No Website | I4: None | J4: N/A | K4: None | L4: None | M4: N/A | N4: N/A | O4: N/A | P4: N/A | Q4: N/A | R4: 0 | S4: Very High Risk | T4: CRITICAL | U4: $1,500 - $2,500 (Standard Setup) | V4: Local Business Visit (Claim Google Maps Listing Pitch) | W4: Unsecured local presence for City Dental Clinic & Implant Center | X4: Your Google Maps profile for City Dental Clinic & Implant Center is currently unclaimed, meaning anyone can change your phone number or edit your address. We can secure it today. | Y4: Profile Hijacking Risk (Unclaimed Google Maps Profile) & Digital Absence | Z4: Digital Absence, Unclaimed Google Business Profile | AA4: 1. Claim Google Business Profile immediately to prevent hijacking. 2. Build a secure, mobile-friendly landing page with HTTPS. 3. Standardize NAP (Name, Address, Phone) details.
A5: BIZ-24 | B5: Sarojini Saree House | C5: Retail & Shops | D5: Jaipur | E5: 3.6 | F5: 45 | G5: No | H5: No Website | I5: None | J5: N/A | K5: None | L5: None | M5: N/A | N5: N/A | O5: N/A | P5: N/A | Q5: N/A | R5: 0 | S5: Very High Risk | T5: CRITICAL | U5: $750 - $1,200 (Essential Setup) | V5: Local Business Visit (Claim Google Maps Listing Pitch) | W5: Unsecured local presence for Sarojini Saree House | X5: Your Google Maps profile for Sarojini Saree House is currently unclaimed, meaning anyone can change your phone number or edit your address. We can secure it today. | Y5: Profile Hijacking Risk (Unclaimed Google Maps Profile) & Digital Absence | Z5: Digital Absence, Unclaimed Google Business Profile | AA5: 1. Claim Google Business Profile immediately to prevent hijacking. 2. Build a secure, mobile-friendly landing page with HTTPS. 3. Standardize NAP (Name, Address, Phone) details.
A6: BIZ-50 | B6: Shimla Residency Guest House | C6: Hospitality & Hotels | D6: Shimla | E6: 3.5 | F6: 45 | G6: No | H6: No Website | I6: None | J6: N/A | K6: None | L6: None | M6: N/A | N6: N/A | O6: N/A | P6: N/A | Q6: N/A | R6: 0 | S6: Very High Risk | T6: CRITICAL | U6: $750 - $1,200 (Essential Setup) | V6: Local Business Visit (Claim Google Maps Listing Pitch) | W6: Unsecured local presence for Shimla Residency Guest House | X6: Your Google Maps profile for Shimla Residency Guest House is currently unclaimed, meaning anyone can change your phone number or edit your address. We can secure it today. | Y6: Profile Hijacking Risk (Unclaimed Google Maps Profile) & Digital Absence | Z6: Digital Absence, Unclaimed Google Business Profile | AA6: 1. Claim Google Business Profile immediately to prevent hijacking. 2. Build a secure, mobile-friendly landing page with HTTPS. 3. Standardize NAP (Name, Address, Phone) details.
A7: BIZ-30 | B7: Coimbatore Grocery Mart | C7: Retail & Shops | D7: Coimbatore | E7: 3.7 | F7: 35 | G7: No | H7: No Website | I7: None | J7: N/A | K7: None | L7: None | M7: N/A | N7: N/A | O7: N/A | P7: N/A | Q7: N/A | R7: 0 | S7: Very High Risk | T7: CRITICAL | U7: $750 - $1,200 (Essential Setup) | V7: Local Business Visit (Claim Google Maps Listing Pitch) | W7: Unsecured local presence for Coimbatore Grocery Mart | X7: Your Google Maps profile for Coimbatore Grocery Mart is currently unclaimed, meaning anyone can change your phone number or edit your address. We can secure it today. | Y7: Profile Hijacking Risk (Unclaimed Google Maps Profile) & Digital Absence | Z7: Digital Absence, Unclaimed Google Business Profile | AA7: 1. Claim Google Business Profile immediately to prevent hijacking. 2. Build a secure, mobile-friendly landing page with HTTPS. 3. Standardize NAP (Name, Address, Phone) details.
A8: BIZ-39 | B8: Mehta Tax Advisors | C8: Professional Services | D8: Mumbai | E8: 3.7 | F8: 18 | G8: No | H8: No Website | I8: None | J8: N/A | K8: None | L8: None | M8: N/A | N8: N/A | O8: N/A | P8: N/A | Q8: N/A | R8: 0 | S8: Very High Risk | T8: CRITICAL | U8: $750 - $1,200 (Essential Setup) | V8: Local Business Visit (Claim Google Maps Listing Pitch) | W8: Unsecured local presence for Mehta Tax Advisors | X8: Your Google Maps profile for Mehta Tax Advisors is currently unclaimed, meaning anyone can change your phone number or edit your address. We can secure it today. | Y8: Profile Hijacking Risk (Unclaimed Google Maps Profile) & Digital Absence | Z8: Digital Absence, Unclaimed Google Business Profile | AA8: 1. Claim Google Business Profile immediately to prevent hijacking. 2. Build a secure, mobile-friendly landing page with HTTPS. 3. Standardize NAP (Name, Address, Phone) details.
A9: BIZ-38 | B9: Gupta Chartered Accountants | C9: Professional Services | D9: Pune | E9: 3.8 | F9: 12 | G9: No | H9: No Website | I9: None | J9: N/A | K9: None | L9: None | M9: N/A | N9: N/A | O9: N/A | P9: N/A | Q9: N/A | R9: 0 | S9: Very High Risk | T9: CRITICAL | U9: $750 - $1,200 (Essential Setup) | V9: Local Business Visit (Claim Google Maps Listing Pitch) | W9: Unsecured local presence for Gupta Chartered Accountants | X9: Your Google Maps profile for Gupta Chartered Accountants is currently unclaimed, meaning anyone can change your phone number or edit your address. We can secure it today. | Y9: Profile Hijacking Risk (Unclaimed Google Maps Profile) & Digital Absence | Z9: Digital Absence, Unclaimed Google Business Profile | AA9: 1. Claim Google Business Profile immediately to prevent hijacking. 2. Build a secure, mobile-friendly landing page with HTTPS. 3. Standardize NAP (Name, Address, Phone) details.
A10: BIZ-40 | B10: Sharma Real Estate Consultants | C10: Professional Services | D10: Jaipur | E10: 3.5 | F10: 8 | G10: No | H10: No Website | I10: None | J10: N/A | K10: None | L10: None | M10: N/A | N10: N/A | O10: N/A | P10: N/A | Q10: N/A | R10: 0 | S10: Very High Risk | T10: CRITICAL | U10: $750 - $1,200 (Essential Setup) | V10: Local Business Visit (Claim Google Maps Listing Pitch) | W10: Unsecured local presence for Sharma Real Estate Consultants | X10: Your Google Maps profile for Sharma Real Estate Consultants is currently unclaimed, meaning anyone can change your phone number or edit your address. We can secure it today. | Y10: Profile Hijacking Risk (Unclaimed Google Maps Profile) & Digital Absence | Z10: Digital Absence, Unclaimed Google Business Profile | AA10: 1. Claim Google Business Profile immediately to prevent hijacking. 2. Build a secure, mobile-friendly landing page with HTTPS. 3. Standardize NAP (Name, Address, Phone) details.
A11: BIZ-07 | B11: Peter Cat | C11: Restaurants & Cafes | D11: Kolkata | E11: 4.5 | F11: 8900 | G11: Yes | H11: Active | I11: http://petercatkolkata.co.in | J11: No | K11: Expired | L11: Let's Encrypt (Expired) | M11: Yes | N11: Unprotected | O11: No | P11: Clean | Q11: All Headers Missing | R11: 1 | S11: Very High Risk | T11: CRITICAL | U11: $3,500 - $5,000 (Premium Retainer) | V11: In-Person Executive Meeting (Deliver Printed Security Briefing) | W11: Urgent: Expired SSL Certificate security warning for Peter Cat | X11: Your website (http://petercatkolkata.co.in) currently triggers a red 'Your Connection is Not Private' warning in browsers. We can restore a secure SSL certificate within 2 hours. | Y11: Insecure Protocol / Missing SSL (Active Browser Security Warnings) | Exposed WordPress Admin Panel (Brute Force Vulnerability) | Insecure Webforms (Vulnerable to SQLi and Contact Spam) | Z11: No HTTPS Redirect, SSL Status: Expired, Exposed Admin Panel (/wp-admin or /admin), Unprotected Forms | AA11: Install valid SSL certificate (e.g. Let's Encrypt) and force HTTPS redirect; Restrict access to admin pages (/wp-admin, /admin) by IP address, change default URL path, and enable MFA; Implement CSRF tokens, secure input sanitization, and captchas on contact forms
A12: BIZ-01 | B12: Leopold Cafe & Bar | C12: Restaurants & Cafes | D12: Mumbai | E12: 4.2 | F12: 8400 | G12: Yes | H12: Active | I12: http://leopoldcafe.com | J12: No | K12: None | L12: None | M12: Yes | N12: Unprotected | O12: No | P12: Clean | Q12: X-Frame-Options, CSP, HSTS | R12: 1 | S12: Very High Risk | T12: CRITICAL | U12: $3,500 - $5,000 (Premium Retainer) | V12: In-Person Executive Meeting (Deliver Printed Security Briefing) | W12: Critical Security Warning: Insecure connection on Leopold Cafe & Bar | X12: Your website (http://leopoldcafe.com) is sending customer passwords and inputs in cleartext without forcing HTTPS, prompting security warnings. We can fix it today. | Y12: Insecure Protocol / Missing SSL (Active Browser Security Warnings) | Exposed WordPress Admin Panel (Brute Force Vulnerability) | Insecure Webforms (Vulnerable to SQLi and Contact Spam) | Z12: No HTTPS Redirect, SSL Status: None, Exposed Admin Panel (/wp-admin or /admin), Unprotected Forms | AA12: Install valid SSL certificate (e.g. Let's Encrypt) and force HTTPS redirect; Restrict access to admin pages (/wp-admin, /admin) by IP address, change default URL path, and enable MFA; Implement CSRF tokens, secure input sanitization, and captchas on contact forms
A13: BIZ-10 | B13: Karim's Restaurant | C13: Restaurants & Cafes | D13: Delhi | E13: 4.2 | F13: 5600 | G13: No | H13: Active | I13: http://karimsdelhi.in | J13: No | K13: None | L13: None | M13: Yes | N13: Unprotected | O13: Yes | P13: Clean | Q13: All Headers Missing | R13: 1 | S13: Very High Risk | T13: CRITICAL | U13: $3,500 - $5,000 (Premium Retainer) | V13: In-Person Executive Meeting (Deliver Printed Security Briefing) | W13: Critical Security Warning: Insecure connection on Karim's Restaurant | X13: Your website (http://karimsdelhi.in) is sending customer passwords and inputs in cleartext without forcing HTTPS, prompting security warnings. We can fix it today. | Y13: Insecure Protocol / Missing SSL (Active Browser Security Warnings) | Exposed WordPress Admin Panel (Brute Force Vulnerability) | Unclaimed Business Profile on Google Maps (Malicious Takeover Risk) | Exposed Web Directory (Insecure Server File Listings) | Insecure Webforms (Vulnerable to SQLi and Contact Spam) | Z13: No HTTPS Redirect, SSL Status: None, Exposed Admin Panel (/wp-admin or /admin), Unprotected Forms, Directory Listing Enabled | AA13: Install valid SSL certificate (e.g. Let's Encrypt) and force HTTPS redirect; Restrict access to admin pages (/wp-admin, /admin) by IP address, change default URL path, and enable MFA; Disable directory indexing in server config (.htaccess or Nginx config); Implement CSRF tokens, secure input sanitization, and captchas on contact forms
A14: BIZ-16 | B14: Ganga Hospital | C14: Healthcare & Clinics | D14: Coimbatore | E14: 4.6 | F14: 1500 | G14: Yes | H14: Active | I14: http://gangahospital.co.in | J14: No | K14: None | L14: None | M14: Yes | N14: Unprotected | O14: No | P14: Clean | Q14: All Headers Missing | R14: 1 | S14: Very High Risk | T14: CRITICAL | U14: $3,500 - $5,000 (Premium Retainer) | V14: In-Person Executive Meeting (Deliver Printed Security Briefing) | W14: Critical Security Warning: Insecure connection on Ganga Hospital | X14: Your website (http://gangahospital.co.in) is sending customer passwords and inputs in cleartext without forcing HTTPS, prompting security warnings. We can fix it today. | Y14: Insecure Protocol / Missing SSL (Active Browser Security Warnings) | Exposed WordPress Admin Panel (Brute Force Vulnerability) | Insecure Webforms (Vulnerable to SQLi and Contact Spam) | Z14: No HTTPS Redirect, SSL Status: None, Exposed Admin Panel (/wp-admin or /admin), Unprotected Forms | AA14: Install valid SSL certificate (e.g. Let's Encrypt) and force HTTPS redirect; Restrict access to admin pages (/wp-admin, /admin) by IP address, change default URL path, and enable MFA; Implement CSRF tokens, secure input sanitization, and captchas on contact forms
... A52: BIZ-37 | B52: Singhania & Co. Legal Advisors | C52: Professional Services | D52: Bengaluru | E52: 4.1 | F52: 85 | G52: Yes | H52: Active | I52: https://singhania.in | J52: Yes | K52: Valid | L52: Sectigo | M52: No | N52: Protected | O52: No | P52: Clean | Q52: CSP | R52: 5 | S52: Very Secure | T52: LOW | U52: $250 (Routine Audit / Audit Retainer) | V52: LinkedIn Outreach to Owner / Operations Manager | W52: Digital Security Posture Review for Singhania & Co. Legal Advisors | X52: We have run a digital presence scan on Singhania & Co. Legal Advisors and verified that your primary protocols are secure. We offer routine scanning packages to maintain this posture. | Y52: General Maintenance & Continuous Security Penetration Scanning | Z52: None (All Secure) | AA52: Maintain existing secure posture. Schedule routine security auditing and patch CMS regularly.
A54: Summary Metrics | E54: =AVERAGE(E3:E52) | F54: =SUM(F3:F52) | R54: =AVERAGE(R3:R52)
